icd_code,icd_version,long_title
H40052,10,"Ocular hypertension, left eye"
S1202XS,10,"Unstable burst fracture of first cervical vertebra, sequela"
V0192XS,10,"Pedestrian on skateboard injured in collision with pedal cycle, unspecified whether traffic or nontraffic accident, sequela"
S82431Q,10,"Displaced oblique fracture of shaft of right fibula, subsequent encounter for open fracture type I or II with malunion"
80491,9,"Open fractures involving skull or face with other bones, with intracranial injury of other and unspecified nature, with no loss of consciousness"
V2309,10,"Other motorcycle driver injured in collision with car, pick-up truck or van in nontraffic accident"
S56105A,10,"Unspecified injury of flexor muscle, fascia and tendon of right ring finger at forearm level, initial encounter"
M05351,10,Rheumatoid heart disease with rheumatoid arthritis of right hip
S61459A,10,"Open bite of unspecified hand, initial encounter"
T25031A,10,"Burn of unspecified degree of right toe(s) (nail), initial encounter"
S62013S,10,"Displaced fracture of distal pole of navicular [scaphoid] bone of unspecified wrist, sequela"
S75212,10,"Minor laceration of greater saphenous vein at hip and thigh level, left leg"
B879,10,"Myiasis, unspecified"
S53113,10,Anterior subluxation of unspecified ulnohumeral joint
S21049,10,Puncture wound with foreign body of unspecified breast
S61221,10,Laceration with foreign body of left index finger without damage to nail
I7123,10,"Aneurysm of the descending thoracic aorta, without rupture"
T385X6D,10,"Underdosing of other estrogens and progestogens, subsequent encounter"
R399,10,Unspecified symptoms and signs involving the genitourinary system
T8382,10,"Fibrosis due to genitourinary prosthetic devices, implants and grafts"
S53102A,10,"Unspecified subluxation of left ulnohumeral joint, initial encounter"
V9611XD,10,"Hang-glider crash injuring occupant, subsequent encounter"
W091,10,Fall from playground swing
T63894D,10,"Toxic effect of contact with other venomous animals, undetermined, subsequent encounter"
H608X,10,Other otitis externa
X96,10,Assault by explosive material
S42145B,10,"Nondisplaced fracture of glenoid cavity of scapula, left shoulder, initial encounter for open fracture"
30453,9,"Hallucinogen dependence, in remission"
T8685,10,Complication of intestine transplant
S068A4S,10,"Primary blast injury of brain, not elsewhere classified with loss of consciousness of 6 hours to 24 hours, sequela"
T6901,10,Immersion hand
M84369,10,"Stress fracture, unspecified tibia and fibula"
S63005A,10,"Unspecified dislocation of left wrist and hand, initial encounter"
S82431A,10,"Displaced oblique fracture of shaft of right fibula, initial encounter for closed fracture"
S91041A,10,"Puncture wound with foreign body, right ankle, initial encounter"
S09311S,10,"Primary blast injury of right ear, sequela"
C549,10,"Malignant neoplasm of corpus uteri, unspecified"
C6202,10,Malignant neoplasm of undescended left testis
S81839,10,"Puncture wound without foreign body, unspecified lower leg"
V160XXA,10,"Pedal cycle driver injured in collision with other nonmotor vehicle in nontraffic accident, initial encounter"
S22089G,10,"Unspecified fracture of T11-T12 vertebra, subsequent encounter for fracture with delayed healing"
S91116S,10,"Laceration without foreign body of unspecified lesser toe(s) without damage to nail, sequela"
V234XXA,10,"Motorcycle driver injured in collision with car, pick-up truck or van in traffic accident, initial encounter"
Q554,10,"Other congenital malformations of vas deferens, epididymis, seminal vesicles and prostate"
R87628,10,Other abnormal cytological findings on specimens from vagina
T84120D,10,"Displacement of internal fixation device of right humerus, subsequent encounter"
M67269,10,"Synovial hypertrophy, not elsewhere classified, unspecified lower leg"
S42363S,10,"Displaced segmental fracture of shaft of humerus, unspecified arm, sequela"
71871,9,"Developmental dislocation of joint, shoulder region"
S55809D,10,"Unspecified injury of other blood vessels at forearm level, unspecified arm, subsequent encounter"
94529,9,"Blisters, epidermal loss [second degree] of multiple sites of lower limb(s)"
M90551,10,"Osteonecrosis in diseases classified elsewhere, right thigh"
M7140,10,"Calcium deposit in bursa, unspecified site"
S82446H,10,"Nondisplaced spiral fracture of shaft of unspecified fibula, subsequent encounter for open fracture type I or II with delayed healing"
V9129,10,Fall due to collision between unspecified watercraft and other watercraft or other object
S66522S,10,"Laceration of intrinsic muscle, fascia and tendon of right middle finger at wrist and hand level, sequela"
S061,10,Traumatic cerebral edema
G5131,10,"Clonic hemifacial spasm, right"
S52622S,10,"Torus fracture of lower end of left ulna, sequela"
H15011,10,"Anterior scleritis, right eye"
S52264F,10,"Nondisplaced segmental fracture of shaft of ulna, right arm, subsequent encounter for open fracture type IIIA, IIIB, or IIIC with routine healing"
C4910,10,"Malignant neoplasm of connective and soft tissue of unspecified upper limb, including shoulder"
S55209A,10,"Unspecified injury of vein at forearm level, unspecified arm, initial encounter"
79410,9,"Nonspecific abnormal response to nerve stimulation, unspecified"
S82131E,10,"Displaced fracture of medial condyle of right tibia, subsequent encounter for open fracture type I or II with routine healing"
01674,9,"Tuberculosis of other female genital organs, tubercle bacilli not found (in sputum) by microscopy, but found by bacterial culture"
T63011D,10,"Toxic effect of rattlesnake venom, accidental (unintentional), subsequent encounter"
T405X6A,10,"Underdosing of cocaine, initial encounter"
S82445S,10,"Nondisplaced spiral fracture of shaft of left fibula, sequela"
S3632XD,10,"Contusion of stomach, subsequent encounter"
S92132S,10,"Displaced fracture of posterior process of left talus, sequela"
Z048,10,Encounter for examination and observation for other specified reasons
0499,9,Unspecified non-arthropod-borne viral diseases of central nervous system
W902XXD,10,"Exposure to laser radiation, subsequent encounter"
O320XX0,10,"Maternal care for unstable lie, not applicable or unspecified"
T651X4S,10,"Toxic effect of strychnine and its salts, undetermined, sequela"
Z8669,10,Personal history of other diseases of the nervous system and sense organs
S25311A,10,"Minor laceration of right innominate or subclavian vein, initial encounter"
S62305G,10,"Unspecified fracture of fourth metacarpal bone, left hand, subsequent encounter for fracture with delayed healing"
Q7963,10,Vascular Ehlers-Danlos syndrome
S92492P,10,"Other fracture of left great toe, subsequent encounter for fracture with malunion"
T604X3S,10,"Toxic effect of rodenticides, assault, sequela"
S75219A,10,"Minor laceration of greater saphenous vein at hip and thigh level, unspecified leg, initial encounter"
S68022S,10,"Partial traumatic metacarpophalangeal amputation of left thumb, sequela"
S52181N,10,"Other fracture of upper end of right radius, subsequent encounter for open fracture type IIIA, IIIB, or IIIC with nonunion"
S62603A,10,"Fracture of unspecified phalanx of left middle finger, initial encounter for closed fracture"
S63311S,10,"Traumatic rupture of collateral ligament of right wrist, sequela"
A020,10,Salmonella enteritis
T17418A,10,"Gastric contents in trachea causing other injury, initial encounter"
T6393XS,10,"Toxic effect of contact with unspecified venomous animal, assault, sequela"
F10939,10,"Alcohol use, unspecified with withdrawal, unspecified"
T564X2,10,"Toxic effect of copper and its compounds, intentional self-harm"
R233,10,Spontaneous ecchymoses
H5931,10,Postprocedural hemorrhage of eye and adnexa following an ophthalmic procedure
Q100,10,Congenital ptosis
T23539A,10,"Corrosion of first degree of unspecified multiple fingers (nail), not including thumb, initial encounter"
G35,10,Multiple sclerosis
T711,10,Asphyxiation due to mechanical threat to breathing
S66009A,10,"Unspecified injury of long flexor muscle, fascia and tendon of unspecified thumb at wrist and hand level, initial encounter"
S8902,10,Salter-Harris Type II physeal fracture of upper end of tibia
S82254,10,Nondisplaced comminuted fracture of shaft of right tibia
S52226Q,10,"Nondisplaced transverse fracture of shaft of unspecified ulna, subsequent encounter for open fracture type I or II with malunion"
S79131P,10,"Salter-Harris Type III physeal fracture of lower end of right femur, subsequent encounter for fracture with malunion"
09833,9,"Gonococcal epididymo-orchitis, chronic"
V6910XS,10,"Passenger in heavy transport vehicle injured in collision with unspecified motor vehicles in nontraffic accident, sequela"
3021,9,Zoophilia
T40693S,10,"Poisoning by other narcotics, assault, sequela"
M7532,10,Calcific tendinitis of left shoulder
S40269A,10,"Insect bite (nonvenomous) of unspecified shoulder, initial encounter"
K7402,10,"Hepatic fibrosis, advanced fibrosis"
V860,9,Estrogen receptor positive status [ER+]
T43506A,10,"Underdosing of unspecified antipsychotics and neuroleptics, initial encounter"
S96102A,10,"Unspecified injury of muscle and tendon of long extensor muscle of toe at ankle and foot level, left foot, initial encounter"
R418,10,Other symptoms and signs involving cognitive functions and awareness
T8052,10,Anaphylactic reaction due to vaccination
43850,9,"Late effects of cerebrovascular disease, other paralytic syndrome affecting unspecified side"
S68021A,10,"Partial traumatic metacarpophalangeal amputation of right thumb, initial encounter"
R402111,10,"Coma scale, eyes open, never, in the field [EMT or ambulance]"
C19,10,Malignant neoplasm of rectosigmoid junction
V405XXA,10,"Car driver injured in collision with pedestrian or animal in traffic accident, initial encounter"
M89121,10,"Complete physeal arrest, right proximal humerus"
V772XXD,10,"Person on outside of bus injured in collision with fixed or stationary object in nontraffic accident, subsequent encounter"
T550X4S,10,"Toxic effect of soaps, undetermined, sequela"
47874,9,Stenosis of larynx
O4690,10,"Antepartum hemorrhage, unspecified, unspecified trimester"
S66429A,10,"Laceration of intrinsic muscle, fascia and tendon of unspecified thumb at wrist and hand level, initial encounter"
C8112,10,"Nodular sclerosis Hodgkin lymphoma, intrathoracic lymph nodes"
S63075,10,Dislocation of distal end of left ulna
Z980,10,Intestinal bypass and anastomosis status
V2899XD,10,"Unspecified rider of other motorcycle injured in noncollision transport accident in traffic accident, subsequent encounter"
T402X4D,10,"Poisoning by other opioids, undetermined, subsequent encounter"
N172,10,Acute kidney failure with medullary necrosis
S15009,10,Unspecified injury of unspecified carotid artery
M242,10,Disorder of ligament
S14105S,10,"Unspecified injury at C5 level of cervical spinal cord, sequela"
Y92139,10,Unspecified place military base as the place of occurrence of the external cause
T2511,10,Burn of first degree of ankle
S86802,10,"Unspecified injury of other muscle(s) and tendon(s) at lower leg level, left leg"
O29,10,Complications of anesthesia during pregnancy
T63391S,10,"Toxic effect of venom of other spider, accidental (unintentional), sequela"
R8289,10,Other abnormal findings on cytological and histological examination of urine
T380X6S,10,"Underdosing of glucocorticoids and synthetic analogues, sequela"
T5294XA,10,"Toxic effect of unspecified organic solvent, undetermined, initial encounter"
N6342,10,"Unspecified lump in left breast, subareolar"
E8136,9,Motor vehicle traffic accident involving collision with other vehicle injuring pedal cyclist
S85812S,10,"Laceration of other blood vessels at lower leg level, left leg, sequela"
S82125J,10,"Nondisplaced fracture of lateral condyle of left tibia, subsequent encounter for open fracture type IIIA, IIIB, or IIIC with delayed healing"
V224XXS,10,"Motorcycle driver injured in collision with two- or three-wheeled motor vehicle in traffic accident, sequela"
T24319,10,Burn of third degree of unspecified thigh
M61272,10,"Paralytic calcification and ossification of muscle, left ankle and foot"
W5682XS,10,"Struck by other nonvenomous marine animals, sequela"
V8636,10,Unspecified occupant of dirt bike or motor/cross bike injured in traffic accident
S85909A,10,"Unspecified injury of unspecified blood vessel at lower leg level, unspecified leg, initial encounter"
O3012,10,Triplet pregnancy with two or more monoamniotic fetuses
T22549D,10,"Corrosion of first degree of unspecified axilla, subsequent encounter"
T372X6,10,Underdosing of antimalarials and drugs acting on other blood protozoa
T604X2,10,"Toxic effect of rodenticides, intentional self-harm"
S32602D,10,"Unspecified fracture of left ischium, subsequent encounter for fracture with routine healing"
S339XXA,10,"Sprain of unspecified parts of lumbar spine and pelvis, initial encounter"
475,9,Peritonsillar abscess
Q62,10,Congenital obstructive defects of renal pelvis and congenital malformations of ureter
Q861,10,Fetal hydantoin syndrome
B393,10,Disseminated histoplasmosis capsulati
H44531,10,"Leucocoria, right eye"
S49131D,10,"Salter-Harris Type III physeal fracture of lower end of humerus, right arm, subsequent encounter for fracture with routine healing"
I2720,10,"Pulmonary hypertension, unspecified"
D1771,10,Benign lipomatous neoplasm of kidney
7014,9,Keloid scar
V9119,10,Crushed between unspecified watercraft and other watercraft or other object due to collision
S50841,10,External constriction of right forearm
O92113,10,"Cracked nipple associated with pregnancy, third trimester"
M87129,10,"Osteonecrosis due to drugs, unspecified humerus"
2169,9,"Benign neoplasm of skin, site unspecified"
S6201,10,Fracture of distal pole of navicular [scaphoid] bone of wrist
M2211,10,"Recurrent subluxation of patella, right knee"
V0001XS,10,"Pedestrian on foot injured in collision with roller-skater, sequela"
S65519A,10,"Laceration of blood vessel of unspecified finger, initial encounter"
K08404,10,"Partial loss of teeth, unspecified cause, class IV"
M1203,10,"Chronic postrheumatic arthropathy [Jaccoud], wrist"
11289,9,Other candidiasis of other specified sites
S32811,10,Multiple fractures of pelvis with unstable disruption of pelvic ring
T588X1,10,"Toxic effect of carbon monoxide from other source, accidental (unintentional)"
Z98,10,Other postprocedural states
C71,10,Malignant neoplasm of brain
O418X20,10,"Other specified disorders of amniotic fluid and membranes, second trimester, not applicable or unspecified"
S61345A,10,"Puncture wound with foreign body of left ring finger with damage to nail, initial encounter"
Q513,10,Bicornate uterus
S4450,10,"Injury of cutaneous sensory nerve at shoulder and upper arm level, unspecified arm"
4760,9,Chronic laryngitis
V933,10,Fall on board watercraft
T3154,10,Burns involving 50-59% of body surface with 40-49% third degree burns
S83106,10,Unspecified dislocation of unspecified knee
T24019D,10,"Burn of unspecified degree of unspecified thigh, subsequent encounter"
E9991,9,Late effect of injury due to terrorism
Q763,10,Congenital scoliosis due to congenital bony malformation
W368,10,Explosion and rupture of other gas cylinder
F1924,10,Other psychoactive substance dependence with psychoactive substance-induced mood disorder
V9033,9,Retained wood fragments
V29008D,10,"Other motorcycle driver injured in collision with unspecified motor vehicles in nontraffic accident, subsequent encounter"
V0399XD,10,"Pedestrian with other conveyance injured in collision with car, pick-up truck or van, unspecified whether traffic or nontraffic accident, subsequent encounter"
W4902XA,10,"String or thread causing external constriction, initial encounter"
S5291XH,10,"Unspecified fracture of right forearm, subsequent encounter for open fracture type I or II with delayed healing"
H151,10,Episcleritis
Y37250S,10,"Military operations involving fragments from munitions, military personnel, sequela"
M1A341,10,"Chronic gout due to renal impairment, right hand"
Y367X0,10,"War operations involving chemical weapons and other forms of unconventional warfare, military personnel"
D251,10,Intramural leiomyoma of uterus
S63220,10,Subluxation of unspecified interphalangeal joint of right index finger
S52099N,10,"Other fracture of upper end of unspecified ulna, subsequent encounter for open fracture type IIIA, IIIB, or IIIC with nonunion"
O23512,10,"Infections of cervix in pregnancy, second trimester"
S36419S,10,"Primary blast injury of unspecified part of small intestine, sequela"
T25192,10,Burn of first degree of multiple sites of left ankle and foot
S85902,10,"Unspecified injury of unspecified blood vessel at lower leg level, left leg"
Z85060,10,Personal history of malignant carcinoid tumor of small intestine
V4969XA,10,"Unspecified car occupant injured in collision with other motor vehicles in traffic accident, initial encounter"
S82091P,10,"Other fracture of right patella, subsequent encounter for closed fracture with malunion"
W900XXS,10,"Exposure to radiofrequency, sequela"
D7581,10,Myelofibrosis
4371,9,Other generalized ischemic cerebrovascular disease
F652,10,Exhibitionism
T420X2A,10,"Poisoning by hydantoin derivatives, intentional self-harm, initial encounter"
V9621XD,10,"Glider (nonpowered) crash injuring occupant, subsequent encounter"
H02536,10,"Eyelid retraction left eye, unspecified eyelid"
S60212A,10,"Contusion of left wrist, initial encounter"
H3520,10,"Other non-diabetic proliferative retinopathy, unspecified eye"
T420X1D,10,"Poisoning by hydantoin derivatives, accidental (unintentional), subsequent encounter"
H7193,10,"Unspecified cholesteatoma, bilateral"
77985,9,Cardiac arrest of newborn
59683,9,Other complication of cystostomy
I69823,10,Fluency disorder following other cerebrovascular disease
S52021H,10,"Displaced fracture of olecranon process without intraarticular extension of right ulna, subsequent encounter for open fracture type I or II with delayed healing"
V836XXS,10,"Passenger of special industrial vehicle injured in nontraffic accident, sequela"
T23412D,10,"Corrosion of unspecified degree of left thumb (nail), subsequent encounter"
34673,9,"Chronic migraine without aura, with intractable migraine, so stated, with status migrainosus"
T500X3A,10,"Poisoning by mineralocorticoids and their antagonists, assault, initial encounter"
M87038,10,Idiopathic aseptic necrosis of left carpus
S0500XD,10,"Injury of conjunctiva and corneal abrasion without foreign body, unspecified eye, subsequent encounter"
K389,10,"Disease of appendix, unspecified"
W6112,10,Struck by macaw
S36598A,10,"Other injury of other part of colon, initial encounter"
H02146,10,"Spastic ectropion of left eye, unspecified eyelid"
S23160A,10,"Subluxation of T10/T11 thoracic vertebra, initial encounter"
T8030XS,10,"ABO incompatibility reaction due to transfusion of blood or blood products, unspecified, sequela"
W28,10,Contact with powered lawn mower
S31532A,10,"Puncture wound without foreign body of unspecified external genital organs, female, initial encounter"
94866,9,"Burn [any degree] involving 60-69 percent of body surface with third degree burn, 60-69%"
M0632,10,"Rheumatoid nodule, elbow"
V9034XA,10,"Drowning and submersion due to falling or jumping from crushed sailboat, initial encounter"
J45,10,Asthma
T413X1S,10,"Poisoning by local anesthetics, accidental (unintentional), sequela"
0819,9,"Typhus, unspecified"
36044,9,Leucocoria
S48111D,10,"Complete traumatic amputation at level between right shoulder and elbow, subsequent encounter"
V242XXS,10,"Unspecified motorcycle rider injured in collision with heavy transport vehicle or bus in nontraffic accident, sequela"
S68127S,10,"Partial traumatic metacarpophalangeal amputation of left little finger, sequela"
E0943,10,Drug or chemical induced diabetes mellitus with neurological complications with diabetic autonomic (poly)neuropathy
S68529S,10,"Partial traumatic transphalangeal amputation of unspecified thumb, sequela"
W3400,10,Accidental discharge from unspecified firearms or gun
Q7202,10,Congenital complete absence of left lower limb
O318X95,10,"Other complications specific to multiple gestation, unspecified trimester, fetus 5"
V284XXA,10,"Motorcycle driver injured in noncollision transport accident in traffic accident, initial encounter"
S93305A,10,"Unspecified dislocation of left foot, initial encounter"
S62352P,10,"Nondisplaced fracture of shaft of third metacarpal bone, right hand, subsequent encounter for fracture with malunion"
9108,9,"Other and unspecified superficial injury of face, neck, and scalp, without mention of infection"
S65596S,10,"Other specified injury of blood vessel of right little finger, sequela"
R29727,10,NIHSS score 27
7949,9,Nonspecific abnormal results of other specified function study
E1344,10,Other specified diabetes mellitus with diabetic amyotrophy
S82301H,10,"Unspecified fracture of lower end of right tibia, subsequent encounter for open fracture type I or II with delayed healing"
H660,10,Acute suppurative otitis media
M7072,10,"Other bursitis of hip, left hip"
T3909,10,"Poisoning by, adverse effect of and underdosing of other salicylates"
T374X5A,10,"Adverse effect of anthelminthics, initial encounter"
I09,10,Other rheumatic heart diseases
Z91030,10,Bee allergy status
N9911,10,"Postprocedural urethral stricture, male"
C79,10,Secondary malignant neoplasm of other and unspecified sites
S49122D,10,"Salter-Harris Type II physeal fracture of lower end of humerus, left arm, subsequent encounter for fracture with routine healing"
G40309,10,"Generalized idiopathic epilepsy and epileptic syndromes, not intractable, without status epilepticus"
1361,9,Behcet's syndrome
S65491S,10,"Other specified injury of blood vessel of right thumb, sequela"
O771,10,Fetal stress in labor or delivery due to drug administration
T81522A,10,"Obstruction due to foreign body accidentally left in body following kidney dialysis, initial encounter"
S91331A,10,"Puncture wound without foreign body, right foot, initial encounter"
T24399D,10,"Burn of third degree of multiple sites of unspecified lower limb, except ankle and foot, subsequent encounter"
S86991,10,"Other injury of unspecified muscle(s) and tendon(s) at lower leg level, right leg"
L97222,10,Non-pressure chronic ulcer of left calf with fat layer exposed
S52352R,10,"Displaced comminuted fracture of shaft of radius, left arm, subsequent encounter for open fracture type IIIA, IIIB, or IIIC with malunion"
S42365B,10,"Nondisplaced segmental fracture of shaft of humerus, left arm, initial encounter for open fracture"
T24291S,10,"Burn of second degree of multiple sites of right lower limb, except ankle and foot, sequela"
Y710,10,Diagnostic and monitoring cardiovascular devices associated with adverse incidents
S66991S,10,"Other injury of unspecified muscle, fascia and tendon at wrist and hand level, right hand, sequela"
W9421,10,Exposure to reduction in atmospheric pressure while surfacing from deep-water diving
H35141,10,"Retinopathy of prematurity, stage 3, right eye"
38425,9,Total perforation of tympanic membrane
S89091K,10,"Other physeal fracture of upper end of right tibia, subsequent encounter for fracture with nonunion"
S92043G,10,"Displaced other fracture of tuberosity of unspecified calcaneus, subsequent encounter for fracture with delayed healing"
H93093,10,"Unspecified degenerative and vascular disorders of ear, bilateral"
S0266,10,Fracture of symphysis of mandible
B880,10,Other acariasis
M80039K,10,"Age-related osteoporosis with current pathological fracture, unspecified forearm, subsequent encounter for fracture with nonunion"
53151,9,"Chronic or unspecified gastric ulcer with perforation, with obstruction"
S060X6A,10,"Concussion with loss of consciousness greater than 24 hours without return to pre-existing conscious level with patient surviving, initial encounter"
Q958,10,Other balanced rearrangements and structural markers
S83095S,10,"Other dislocation of left patella, sequela"
T82595A,10,"Other mechanical complication of umbrella device, initial encounter"
T2139,10,Burn of third degree of other site of trunk
S42035P,10,"Nondisplaced fracture of lateral end of left clavicle, subsequent encounter for fracture with malunion"
8470,9,Sprain of neck
S52611,10,Displaced fracture of right ulna styloid process
Q52122,10,"Longitudinal vaginal septum, obstructing, left side"
S63280A,10,"Dislocation of proximal interphalangeal joint of right index finger, initial encounter"
S99199S,10,"Other physeal fracture of unspecified metatarsal, sequela"
R29708,10,NIHSS score 8
S42442G,10,"Displaced fracture (avulsion) of medial epicondyle of left humerus, subsequent encounter for fracture with delayed healing"
T63611D,10,"Toxic effect of contact with Portuguese Man-o-war, accidental (unintentional), subsequent encounter"
71615,9,"Traumatic arthropathy, pelvic region and thigh"
S32049D,10,"Unspecified fracture of fourth lumbar vertebra, subsequent encounter for fracture with routine healing"
M84345A,10,"Stress fracture, left finger(s), initial encounter for fracture"
S49021K,10,"Salter-Harris Type II physeal fracture of upper end of humerus, right arm, subsequent encounter for fracture with nonunion"
S68122,10,Partial traumatic metacarpophalangeal amputation of right middle finger
C8101,10,"Nodular lymphocyte predominant Hodgkin lymphoma, lymph nodes of head, face, and neck"
S83011,10,Lateral subluxation of right patella
S89302,10,Unspecified physeal fracture of lower end of left fibula
D55,10,Anemia due to enzyme disorders
S42033S,10,"Displaced fracture of lateral end of unspecified clavicle, sequela"
S62254,10,"Nondisplaced fracture of neck of first metacarpal bone, right hand"
S24142D,10,"Brown-Sequard syndrome at T2-T6 level of thoracic spinal cord, subsequent encounter"
V495,9,Other problems of limbs
S2122,10,Laceration with foreign body of back wall of thorax without penetration into thoracic cavity
66892,9,"Unspecified complication of anesthesia and other sedation in labor and delivery, delivered, with mention of postpartum complication"
S80842S,10,"External constriction, left lower leg, sequela"
M2520,10,"Flail joint, unspecified joint"
M138,10,Other specified arthritis
T185XXD,10,"Foreign body in anus and rectum, subsequent encounter"
V2419XD,10,"Other motorcycle passenger injured in collision with heavy transport vehicle or bus in nontraffic accident, subsequent encounter"
V2383,9,Supervision of high-risk pregnancy with young primigravida
Y37000D,10,"Military operations involving explosion of unspecified marine weapon, military personnel, subsequent encounter"
S80912D,10,"Unspecified superficial injury of left knee, subsequent encounter"
S27319D,10,"Primary blast injury of lung, unspecified, subsequent encounter"
S86891S,10,"Other injury of other muscle(s) and tendon(s) at lower leg level, right leg, sequela"
S93321D,10,"Subluxation of tarsometatarsal joint of right foot, subsequent encounter"
S42435K,10,"Nondisplaced fracture (avulsion) of lateral epicondyle of left humerus, subsequent encounter for fracture with nonunion"
36250,9,"Macular degeneration (senile), unspecified"
Z39,10,Encounter for maternal postpartum care and examination
Y929,10,Unspecified place or not applicable
S46991,10,"Other injury of unspecified muscle, fascia and tendon at shoulder and upper arm level, right arm"
Q233,10,Congenital mitral insufficiency
75247,9,Longitudinal vaginal septum
T373X4A,10,"Poisoning by other antiprotozoal drugs, undetermined, initial encounter"
Z222,10,Carrier of diphtheria
Y35812D,10,"Legal intervention involving manhandling, bystander injured, subsequent encounter"
66020,9,"Obstruction by abnormal pelvic soft tissues during labor, unspecified as to episode of care or not applicable"
20590,9,"Unspecified myeloid leukemia, without mention of having achieved remission"
S00452D,10,"Superficial foreign body of left ear, subsequent encounter"
66922,9,"Maternal hypotension syndrome, delivered, with mention of postpartum complication"
L02425,10,Furuncle of right lower limb
M4645,10,"Discitis, unspecified, thoracolumbar region"
M84442P,10,"Pathological fracture, left hand, subsequent encounter for fracture with malunion"
S50319D,10,"Abrasion of unspecified elbow, subsequent encounter"
Y36301A,10,"War operations involving unspecified fire, conflagration and hot substance, civilian, initial encounter"
2351,9,"Neoplasm of uncertain behavior of lip, oral cavity, and pharynx"
D72820,10,Lymphocytosis (symptomatic)
S12111G,10,"Posterior displaced Type II dens fracture, subsequent encounter for fracture with delayed healing"
S92256D,10,"Nondisplaced fracture of navicular [scaphoid] of unspecified foot, subsequent encounter for fracture with routine healing"
O46003,10,"Antepartum hemorrhage with coagulation defect, unspecified, third trimester"
V941,10,Bather struck by watercraft
6283,9,"Infertility, female, of uterine origin"
94533,9,Full-thickness skin loss [third degree NOS] of ankle
2819,9,Unspecified deficiency anemia
S32499G,10,"Other specified fracture of unspecified acetabulum, subsequent encounter for fracture with delayed healing"
S62245K,10,"Nondisplaced fracture of shaft of first metacarpal bone, left hand, subsequent encounter for fracture with nonunion"
S22081G,10,"Stable burst fracture of T11-T12 vertebra, subsequent encounter for fracture with delayed healing"
S93124S,10,"Dislocation of metatarsophalangeal joint of right lesser toe(s), sequela"
T252,10,Burn of second degree of ankle and foot
61804,9,Rectocele
S42442K,10,"Displaced fracture (avulsion) of medial epicondyle of left humerus, subsequent encounter for fracture with nonunion"
M8506,10,"Fibrous dysplasia (monostotic), lower leg"
S8290XR,10,"Unspecified fracture of unspecified lower leg, subsequent encounter for open fracture type IIIA, IIIB, or IIIC with malunion"
C4A7,10,"Merkel cell carcinoma of lower limb, including hip"
H93299,10,"Other abnormal auditory perceptions, unspecified ear"
C4A10,10,"Merkel cell carcinoma of unspecified eyelid, including canthus"
67452,9,"Peripartum cardiomyopathy, delivered, with mention of postpartum condition"
S53033A,10,"Nursemaid's elbow, unspecified elbow, initial encounter"
V71,10,Bus occupant injured in collision with pedal cycle
S66593S,10,"Other injury of intrinsic muscle, fascia and tendon of left middle finger at wrist and hand level, sequela"
S06360D,10,"Traumatic hemorrhage of cerebrum, unspecified, without loss of consciousness, subsequent encounter"
H1603,10,Corneal ulcer with hypopyon
V3969,10,Unspecified occupant of three-wheeled motor vehicle injured in collision with other motor vehicles in traffic accident
80489,9,"Open fractures involving skull or face with other bones, with other and unspecified intracranial hemorrhage, with concussion, unspecified"
38650,9,"Labyrinthine dysfunction, unspecified"
I7103,10,Dissection of thoracoabdominal aorta
Y92000,10,Kitchen of unspecified non-institutional (private) residence as the place of occurrence of the external cause
Z68,10,Body mass index [BMI]
H04332,10,Acute lacrimal canaliculitis of left lacrimal passage
S92215A,10,"Nondisplaced fracture of cuboid bone of left foot, initial encounter for closed fracture"
S85202S,10,"Unspecified injury of peroneal artery, left leg, sequela"
S62398D,10,"Other fracture of other metacarpal bone, subsequent encounter for fracture with routine healing"
2133,9,"Benign neoplasm of ribs, sternum, and clavicle"
S72401B,10,"Unspecified fracture of lower end of right femur, initial encounter for open fracture type I or II"
S4291XA,10,"Fracture of right shoulder girdle, part unspecified, initial encounter for closed fracture"
D143,10,Benign neoplasm of bronchus and lung
T22391D,10,"Burn of third degree of multiple sites of right shoulder and upper limb, except wrist and hand, subsequent encounter"
S42421G,10,"Displaced comminuted supracondylar fracture without intercondylar fracture of right humerus, subsequent encounter for fracture with delayed healing"
7089,9,"Urticaria, unspecified"
A5007,10,Early mucocutaneous congenital syphilis
S91232A,10,"Puncture wound without foreign body of left great toe with damage to nail, initial encounter"
T484X6,10,Underdosing of expectorants
71280,9,"Other specified crystal arthropathies, site unspecified"
F18259,10,"Inhalant dependence with inhalant-induced psychotic disorder, unspecified"
T596X1S,10,"Toxic effect of hydrogen sulfide, accidental (unintentional), sequela"
S42392A,10,"Other fracture of shaft of left humerus, initial encounter for closed fracture"
01593,9,"Tuberculosis of unspecified bones and joints, tubercle bacilli found (in sputum) by microscopy"
T532X4A,10,"Toxic effect of trichloroethylene, undetermined, initial encounter"
S0193XS,10,"Puncture wound without foreign body of unspecified part of head, sequela"
S89229D,10,"Salter-Harris Type II physeal fracture of upper end of unspecified fibula, subsequent encounter for fracture with routine healing"
M0204,10,"Arthropathy following intestinal bypass, hand"
S8252XB,10,"Displaced fracture of medial malleolus of left tibia, initial encounter for open fracture type I or II"
T3210,10,Corrosions involving 10-19% of body surface with 0% to 9% third degree corrosion
V5849,9,Other specified aftercare following surgery
Z20828,10,Contact with and (suspected) exposure to other viral communicable diseases
S62304A,10,"Unspecified fracture of fourth metacarpal bone, right hand, initial encounter for closed fracture"
S14127A,10,"Central cord syndrome at C7 level of cervical spinal cord, initial encounter"
T24529A,10,"Corrosion of first degree of unspecified knee, initial encounter"
M4842XG,10,"Fatigue fracture of vertebra, cervical region, subsequent encounter for fracture with delayed healing"
S59201G,10,"Unspecified physeal fracture of lower end of radius, right arm, subsequent encounter for fracture with delayed healing"
D493,10,Neoplasm of unspecified behavior of breast
M84319,10,"Stress fracture, unspecified shoulder"
04110,9,"Staphylococcus infection in conditions classified elsewhere and of unspecified site, staphylococcus, unspecified"
O632,10,"Delayed delivery of second twin, triplet, etc."
T22419,10,Corrosion of unspecified degree of unspecified forearm
V9200XA,10,"Drowning and submersion due to fall off merchant ship, initial encounter"
9057,9,Late effect of sprain and strain without mention of tendon injury
S50341A,10,"External constriction of right elbow, initial encounter"
S66029,10,"Laceration of long flexor muscle, fascia and tendon of unspecified thumb at wrist and hand level"
V430,10,"Car driver injured in collision with car, pick-up truck or van in nontraffic accident"
C8493,10,"Mature T/NK-cell lymphomas, unspecified, intra-abdominal lymph nodes"
S62224K,10,"Nondisplaced Rolando's fracture, right hand, subsequent encounter for fracture with nonunion"
S65500A,10,"Unspecified injury of blood vessel of right index finger, initial encounter"
R10815,10,Periumbilic abdominal tenderness
O3131X2,10,"Continuing pregnancy after elective fetal reduction of one fetus or more, first trimester, fetus 2"
Y36121A,10,"War operations involving destruction of aircraft due to collision with other aircraft, civilian, initial encounter"
R9082,10,"White matter disease, unspecified"
H6181,10,Exostosis of external canal
T40994A,10,"Poisoning by other psychodysleptics [hallucinogens], undetermined, initial encounter"
S99201,10,Unspecified physeal fracture of phalanx of right toe
R6521,10,Severe sepsis with septic shock
S61258S,10,"Open bite of other finger without damage to nail, sequela"
T63073,10,"Toxic effect of venom of other Australian snake, assault"
X030,10,"Exposure to flames in controlled fire, not in building or structure"
S43223A,10,"Posterior subluxation of unspecified sternoclavicular joint, initial encounter"
I25759,10,Atherosclerosis of native coronary artery of transplanted heart with unspecified angina pectoris
V776XXS,10,"Passenger on bus injured in collision with fixed or stationary object in traffic accident, sequela"
S66392S,10,"Other injury of extensor muscle, fascia and tendon of right middle finger at wrist and hand level, sequela"
52434,9,Vertical displacement of teeth
S60019,10,Contusion of unspecified thumb without damage to nail
S82092K,10,"Other fracture of left patella, subsequent encounter for closed fracture with nonunion"
O691XX5,10,"Labor and delivery complicated by cord around neck, with compression, fetus 5"
S82244,10,Nondisplaced spiral fracture of shaft of right tibia
E0120,9,Activities involving knitting and crocheting
S52189M,10,"Other fracture of upper end of unspecified radius, subsequent encounter for open fracture type I or II with nonunion"
F1291,10,"Cannabis use, unspecified, in remission"
S96902S,10,"Unspecified injury of unspecified muscle and tendon at ankle and foot level, left foot, sequela"
M85011,10,"Fibrous dysplasia (monostotic), right shoulder"
S52351G,10,"Displaced comminuted fracture of shaft of radius, right arm, subsequent encounter for closed fracture with delayed healing"
S63244S,10,"Subluxation of distal interphalangeal joint of right ring finger, sequela"
T22159D,10,"Burn of first degree of unspecified shoulder, subsequent encounter"
S31122S,10,"Laceration of abdominal wall with foreign body, epigastric region without penetration into peritoneal cavity, sequela"
S86821S,10,"Laceration of other muscle(s) and tendon(s) at lower leg level, right leg, sequela"
D0412,10,"Carcinoma in situ of skin of left eyelid, including canthus"
P110,10,Cerebral edema due to birth injury
S068A6,10,"Primary blast injury of brain, not elsewhere classified with loss of consciousness greater than 24 hours without return to pre-existing conscious level with patient surviving"
S548X2A,10,"Injury of other nerves at forearm level, left arm, initial encounter"
S2002,10,Contusion of left breast
S82256E,10,"Nondisplaced comminuted fracture of shaft of unspecified tibia, subsequent encounter for open fracture type I or II with routine healing"
P965,10,Complication to newborn due to (fetal) intrauterine procedure
M8964,10,"Osteopathy after poliomyelitis, hand"
H02226,10,"Mechanical lagophthalmos left eye, unspecified eyelid"
1569,9,"Malignant neoplasm of biliary tract, part unspecified site"
S63427,10,Traumatic rupture of palmar ligament of left little finger at metacarpophalangeal and interphalangeal joint
Q548,10,Other hypospadias
37830,9,"Heterotropia, unspecified"
S31000A,10,"Unspecified open wound of lower back and pelvis without penetration into retroperitoneum, initial encounter"
S63691D,10,"Other sprain of left index finger, subsequent encounter"
S0521XD,10,"Ocular laceration and rupture with prolapse or loss of intraocular tissue, right eye, subsequent encounter"
S7211,10,Fracture of greater trochanter of femur
V6920XA,10,"Unspecified occupant of heavy transport vehicle injured in collision with unspecified motor vehicles in nontraffic accident, initial encounter"
40411,9,"Hypertensive heart and chronic kidney disease, benign, with heart failure and with chronic kidney disease stage I through stage IV, or unspecified"
S72324R,10,"Nondisplaced transverse fracture of shaft of right femur, subsequent encounter for open fracture type IIIA, IIIB, or IIIC with malunion"
S8254XC,10,"Nondisplaced fracture of medial malleolus of right tibia, initial encounter for open fracture type IIIA, IIIB, or IIIC"
G257,10,Other and unspecified drug induced movement disorders
S43015D,10,"Anterior dislocation of left humerus, subsequent encounter"
O326XX2,10,"Maternal care for compound presentation, fetus 2"
36451,9,Essential or progressive iris atrophy
S92023D,10,"Displaced fracture of anterior process of unspecified calcaneus, subsequent encounter for fracture with routine healing"
V7399,9,Special screening examination for unspecified viral disease
S06366S,10,"Traumatic hemorrhage of cerebrum, unspecified, with loss of consciousness greater than 24 hours without return to pre-existing conscious level with patient surviving, sequela"
T621X4D,10,"Toxic effect of ingested berries, undetermined, subsequent encounter"
X3742,10,Tidal wave due to storm
S4909,10,Other physeal fracture of upper end of humerus
S3143,10,Puncture wound without foreign body of vagina and vulva
J441,10,Chronic obstructive pulmonary disease with (acute) exacerbation
O29211,10,"Cerebral anoxia due to anesthesia during pregnancy, first trimester"
I80,10,Phlebitis and thrombophlebitis
M881,10,Osteitis deformans of vertebrae
T512X3D,10,"Toxic effect of 2-Propanol, assault, subsequent encounter"
D57813,10,Other sickle-cell disorders with cerebral vascular involvement
T17220,10,Food in pharynx causing asphyxiation
X373,10,Dust storm
6241,9,Atrophy of vulva
T508X1A,10,"Poisoning by diagnostic agents, accidental (unintentional), initial encounter"
M96840,10,Postprocedural hematoma of a musculoskeletal structure following a musculoskeletal system procedure
S31619,10,"Laceration without foreign body of abdominal wall, unspecified quadrant with penetration into peritoneal cavity"
T6583,10,Toxic effect of fiberglass
H44703,10,"Unspecified retained (old) intraocular foreign body, nonmagnetic, bilateral"
S92121D,10,"Displaced fracture of body of right talus, subsequent encounter for fracture with routine healing"
J206,10,Acute bronchitis due to rhinovirus
S82124A,10,"Nondisplaced fracture of lateral condyle of right tibia, initial encounter for closed fracture"
V8544,9,"Body Mass Index 60.0-69.9, adult"
T383X5S,10,"Adverse effect of insulin and oral hypoglycemic [antidiabetic] drugs, sequela"
T63453,10,"Toxic effect of venom of hornets, assault"
74729,9,Other anomalies of aorta
S45802A,10,"Unspecified injury of other specified blood vessels at shoulder and upper arm level, left arm, initial encounter"
S66011,10,"Strain of long flexor muscle, fascia and tendon of right thumb at wrist and hand level"
01211,9,"Tuberculosis of intrathoracic lymph nodes, bacteriological or histological examination not done"
64813,9,"Thyroid dysfunction of mother, antepartum condition or complication"
S90456S,10,"Superficial foreign body, unspecified lesser toe(s), sequela"
S52223K,10,"Displaced transverse fracture of shaft of unspecified ulna, subsequent encounter for closed fracture with nonunion"
T50B91A,10,"Poisoning by other viral vaccines, accidental (unintentional), initial encounter"
T40606A,10,"Underdosing of unspecified narcotics, initial encounter"
T40723S,10,"Poisoning by synthetic cannabinoids, assault, sequela"
S748X2D,10,"Injury of other nerves at hip and thigh level, left leg, subsequent encounter"
S061X3,10,Traumatic cerebral edema with loss of consciousness of 1 hour to 5 hours 59 minutes
S66421A,10,"Laceration of intrinsic muscle, fascia and tendon of right thumb at wrist and hand level, initial encounter"
S5699,10,"Other injury of unspecified muscles, fascia and tendons at forearm level"
S270XXA,10,"Traumatic pneumothorax, initial encounter"
S30872,10,Other superficial bite of penis
M8945,10,"Other hypertrophic osteoarthropathy, thigh"
O3663X3,10,"Maternal care for excessive fetal growth, third trimester, fetus 3"
T368X5,10,Adverse effect of other systemic antibiotics
T7500XD,10,"Unspecified effects of lightning, subsequent encounter"
S79091P,10,"Other physeal fracture of upper end of right femur, subsequent encounter for fracture with malunion"
S46191S,10,"Other injury of muscle, fascia and tendon of long head of biceps, right arm, sequela"
1538,9,Malignant neoplasm of other specified sites of large intestine
K599,10,"Functional intestinal disorder, unspecified"
L97118,10,Non-pressure chronic ulcer of right thigh with other specified severity
S91111,10,Laceration without foreign body of right great toe without damage to nail
1305,9,Hepatitis due to toxoplasmosis
T384X5S,10,"Adverse effect of oral contraceptives, sequela"
S92055D,10,"Nondisplaced other extraarticular fracture of left calcaneus, subsequent encounter for fracture with routine healing"
65193,9,"Unspecified multiple gestation, antepartum condition or complication"
Q266,10,Portal vein-hepatic artery fistula
Y35112S,10,"Legal intervention involving injury by dynamite, bystander injured, sequela"
S8629,10,Other injury of muscle(s) and tendon(s) of anterior muscle group at lower leg level
V00182D,10,"Pedestrian on other rolling-type pedestrian conveyance colliding with stationary object, subsequent encounter"
S72133E,10,"Displaced apophyseal fracture of unspecified femur, subsequent encounter for open fracture type I or II with routine healing"
S21342D,10,"Puncture wound with foreign body of left front wall of thorax with penetration into thoracic cavity, subsequent encounter"
S80222A,10,"Blister (nonthermal), left knee, initial encounter"
S00521D,10,"Blister (nonthermal) of lip, subsequent encounter"
T2127XS,10,"Burn of second degree of female genital region, sequela"
S30840S,10,"External constriction of lower back and pelvis, sequela"
M0845,10,"Pauciarticular juvenile rheumatoid arthritis, hip"
V666XXA,10,"Passenger in heavy transport vehicle injured in collision with other nonmotor vehicle in traffic accident, initial encounter"
71698,9,"Arthropathy, unspecified, other specified sites"
S62524A,10,"Nondisplaced fracture of distal phalanx of right thumb, initial encounter for closed fracture"
S89322D,10,"Salter-Harris Type II physeal fracture of lower end of left fibula, subsequent encounter for fracture with routine healing"
W9423XD,10,"Exposure to sudden change in air pressure in aircraft during ascent, subsequent encounter"
A0109,10,Typhoid fever with other complications
M1A111,10,"Lead-induced chronic gout, right shoulder"
M60077,10,"Infective myositis, left toe(s)"
87269,9,"Open wound of other and multiple sites of ear, without mention of complication"
H31419,10,"Hemorrhagic choroidal detachment, unspecified eye"
M05529,10,Rheumatoid polyneuropathy with rheumatoid arthritis of unspecified elbow
T385X2D,10,"Poisoning by other estrogens and progestogens, intentional self-harm, subsequent encounter"
S20152,10,"Superficial foreign body of breast, left breast"
S80869S,10,"Insect bite (nonvenomous), unspecified lower leg, sequela"
S748X,10,Injury of other nerves at hip and thigh level
T23641D,10,"Corrosion of second degree of multiple right fingers (nail), including thumb, subsequent encounter"
K0531,10,"Chronic periodontitis, localized"
S65919S,10,"Laceration of unspecified blood vessel at wrist and hand level of unspecified arm, sequela"
V551,9,Attention to gastrostomy
T83512A,10,"Infection and inflammatory reaction due to nephrostomy catheter, initial encounter"
S25122A,10,"Major laceration of left innominate or subclavian artery, initial encounter"
S52283J,10,"Bent bone of unspecified ulna, subsequent encounter for open fracture type IIIA, IIIB, or IIIC with delayed healing"
S82235D,10,"Nondisplaced oblique fracture of shaft of left tibia, subsequent encounter for closed fracture with routine healing"
H81,10,Disorders of vestibular function
S32048S,10,"Other fracture of fourth lumbar vertebra, sequela"
C749,10,Malignant neoplasm of unspecified part of adrenal gland
S86892D,10,"Other injury of other muscle(s) and tendon(s) at lower leg level, left leg, subsequent encounter"
S42001P,10,"Fracture of unspecified part of right clavicle, subsequent encounter for fracture with malunion"
O360115,10,"Maternal care for anti-D [Rh] antibodies, first trimester, fetus 5"
S064X8,10,Epidural hemorrhage with loss of consciousness of any duration with death due to other causes prior to regaining consciousness
M438X6,10,"Other specified deforming dorsopathies, lumbar region"
S52613N,10,"Displaced fracture of unspecified ulna styloid process, subsequent encounter for open fracture type IIIA, IIIB, or IIIC with nonunion"
T5811XD,10,"Toxic effect of carbon monoxide from utility gas, accidental (unintentional), subsequent encounter"
X32XXXA,10,"Exposure to sunlight, initial encounter"
G580,10,Intercostal neuropathy
S31811S,10,"Laceration without foreign body of right buttock, sequela"
M21339,10,"Wrist drop, unspecified wrist"
V2331XA,10,"Person boarding or alighting an electric (assisted) bicycle injured in collision with car, pick-up truck or van, initial encounter"
M5115,10,"Intervertebral disc disorders with radiculopathy, thoracolumbar region"
S56429S,10,"Laceration of extensor muscle, fascia and tendon of unspecified finger at forearm level, sequela"
81220,9,Closed fracture of unspecified part of humerus
V2109XS,10,"Other motorcycle driver injured in collision with pedal cycle in nontraffic accident, sequela"
M8558,10,"Aneurysmal bone cyst, other site"
S62502G,10,"Fracture of unspecified phalanx of left thumb, subsequent encounter for fracture with delayed healing"
A33,10,Tetanus neonatorum
01382,9,"Other specified tuberculosis of central nervous system, bacteriological or histological examination unknown (at present)"
8402,9,Coracohumeral (ligament) sprain
V413XXS,10,"Unspecified car occupant injured in collision with pedal cycle in nontraffic accident, sequela"
V289XXD,10,"Unspecified motorcycle rider injured in noncollision transport accident in traffic accident, subsequent encounter"
Q058,10,Sacral spina bifida without hydrocephalus
L729,10,"Follicular cyst of the skin and subcutaneous tissue, unspecified"
T40711S,10,"Poisoning by cannabis, accidental (unintentional), sequela"
S40842D,10,"External constriction of left upper arm, subsequent encounter"
S72401A,10,"Unspecified fracture of lower end of right femur, initial encounter for closed fracture"
S56124D,10,"Laceration of flexor muscle, fascia and tendon of left middle finger at forearm level, subsequent encounter"
O99513,10,"Diseases of the respiratory system complicating pregnancy, third trimester"
52322,9,"Gingival recession, moderate"
S56891,10,"Other injury of other muscles, fascia and tendons at forearm level, right arm"
V9383,10,Other injury due to other accident on board other powered watercraft
M87321,10,"Other secondary osteonecrosis, right humerus"
V813XXS,10,"Occupant of railway train or railway vehicle injured in collision with other object, sequela"
L97429,10,Non-pressure chronic ulcer of left heel and midfoot with unspecified severity
H442C1,10,"Degenerative myopia with retinal detachment, right eye"
37831,9,Hypertropia
M7108,10,"Abscess of bursa, other site"
H59021,10,"Cataract (lens) fragments in eye following cataract surgery, right eye"
M96843,10,Postprocedural seroma of a musculoskeletal structure following other procedure
S62632K,10,"Displaced fracture of distal phalanx of right middle finger, subsequent encounter for fracture with nonunion"
M332,10,Polymyositis
S42215D,10,"Unspecified nondisplaced fracture of surgical neck of left humerus, subsequent encounter for fracture with routine healing"
T304,10,"Corrosion of unspecified body region, unspecified degree"
T708XXD,10,"Other effects of air pressure and water pressure, subsequent encounter"
H31322,10,"Choroidal rupture, left eye"
W2100XD,10,"Struck by hit or thrown ball, unspecified type, subsequent encounter"
M9056,10,"Osteonecrosis in diseases classified elsewhere, lower leg"
69555,9,Exfoliation due to erythematous condition involving 50-59 percent of body surface
T85620A,10,"Displacement of cranial or spinal infusion catheter, initial encounter"
S62635K,10,"Displaced fracture of distal phalanx of left ring finger, subsequent encounter for fracture with nonunion"
86812,9,"Injury to other intra-abdominal organs with open wound into cavity, bile duct and gallbladder"
M62171,10,"Other rupture of muscle (nontraumatic), right ankle and foot"
S52325P,10,"Nondisplaced transverse fracture of shaft of left radius, subsequent encounter for closed fracture with malunion"
Z597,10,Insufficient social insurance and welfare support
S12551K,10,"Other traumatic nondisplaced spondylolisthesis of sixth cervical vertebra, subsequent encounter for fracture with nonunion"
37652,9,Enophthalmos due to trauma or surgery
S2550,10,Unspecified injury of intercostal blood vessels
O7022,10,"Third degree perineal laceration during delivery, IIIb"
M6782,10,"Other specified disorders of synovium and tendon, elbow"
M11262,10,"Other chondrocalcinosis, left knee"
T83411D,10,"Breakdown (mechanical) of implanted testicular prosthesis, subsequent encounter"
C241,10,Malignant neoplasm of ampulla of Vater
86500,9,"Injury to spleen without mention of open wound into cavity, unspecified injury"
Z9350,10,Unspecified cystostomy status
S82491N,10,"Other fracture of shaft of right fibula, subsequent encounter for open fracture type IIIA, IIIB, or IIIC with nonunion"
S8254XE,10,"Nondisplaced fracture of medial malleolus of right tibia, subsequent encounter for open fracture type I or II with routine healing"
V524XXS,10,"Person boarding or alighting a pick-up truck or van injured in collision with two- or three-wheeled motor vehicle, sequela"
S48921A,10,"Partial traumatic amputation of right shoulder and upper arm, level unspecified, initial encounter"
G501,10,Atypical facial pain
T3409XS,10,"Frostbite with tissue necrosis of other part of head, sequela"
1884,9,Malignant neoplasm of posterior wall of urinary bladder
M4855,10,"Collapsed vertebra, not elsewhere classified, thoracolumbar region"
C866,10,Primary cutaneous CD30-positive T-cell proliferations
S60559S,10,"Superficial foreign body of unspecified hand, sequela"
T365X4A,10,"Poisoning by aminoglycosides, undetermined, initial encounter"
S52515F,10,"Nondisplaced fracture of left radial styloid process, subsequent encounter for open fracture type IIIA, IIIB, or IIIC with routine healing"
S72351P,10,"Displaced comminuted fracture of shaft of right femur, subsequent encounter for closed fracture with malunion"
S45802D,10,"Unspecified injury of other specified blood vessels at shoulder and upper arm level, left arm, subsequent encounter"
S92132K,10,"Displaced fracture of posterior process of left talus, subsequent encounter for fracture with nonunion"
M02269,10,"Postimmunization arthropathy, unspecified knee"
78054,9,"Hypersomnia, unspecified"
01010,9,"Tuberculous pleurisy in primary progressive tuberculosis, unspecified"
T85199A,10,"Other mechanical complication of other implanted electronic stimulator of nervous system, initial encounter"
S0034,10,External constriction of nose
V427,9,Liver replaced by transplant
T23292S,10,"Burn of second degree of multiple sites of left wrist and hand, sequela"
M7682,10,Posterior tibial tendinitis
S4402,10,"Injury of ulnar nerve at upper arm level, left arm"
M67931,10,"Unspecified disorder of synovium and tendon, right forearm"
S60841D,10,"External constriction of right wrist, subsequent encounter"
M71832,10,"Other specified bursopathies, left wrist"
S42366A,10,"Nondisplaced segmental fracture of shaft of humerus, unspecified arm, initial encounter for closed fracture"
C43112,10,"Malignant melanoma of right lower eyelid, including canthus"
T22061A,10,"Burn of unspecified degree of right scapular region, initial encounter"
M1927,10,"Secondary osteoarthritis, ankle and foot"
T1781,10,Gastric contents in other parts of respiratory tract
T23599S,10,"Corrosion of first degree of multiple sites of unspecified wrist and hand, sequela"
S82434R,10,"Nondisplaced oblique fracture of shaft of right fibula, subsequent encounter for open fracture type IIIA, IIIB, or IIIC with malunion"
D497,10,Neoplasm of unspecified behavior of endocrine glands and other parts of nervous system
M1A122,10,"Lead-induced chronic gout, left elbow"
T478X6,10,Underdosing of other agents primarily affecting gastrointestinal system
S52026E,10,"Nondisplaced fracture of olecranon process without intraarticular extension of unspecified ulna, subsequent encounter for open fracture type I or II with routine healing"
S5700XD,10,"Crushing injury of unspecified elbow, subsequent encounter"
T65211A,10,"Toxic effect of chewing tobacco, accidental (unintentional), initial encounter"
T81507S,10,"Unspecified complication of foreign body accidentally left in body following removal of catheter or packing, sequela"
S82455F,10,"Nondisplaced comminuted fracture of shaft of left fibula, subsequent encounter for open fracture type IIIA, IIIB, or IIIC with routine healing"
S66401A,10,"Unspecified injury of intrinsic muscle, fascia and tendon of right thumb at wrist and hand level, initial encounter"
W01198,10,"Fall on same level from slipping, tripping and stumbling with subsequent striking against other object"
S20171S,10,"Other superficial bite of breast, right breast, sequela"
N35913,10,"Unspecified membranous urethral stricture, male"
75689,9,"Other specified anomalies of muscle, tendon, fascia, and connective tissue"
S66124A,10,"Laceration of flexor muscle, fascia and tendon of right ring finger at wrist and hand level, initial encounter"
S82152D,10,"Displaced fracture of left tibial tuberosity, subsequent encounter for closed fracture with routine healing"
H93221,10,"Diplacusis, right ear"
M21232,10,"Flexion deformity, left wrist"
V9344XA,10,"Struck by falling object on sailboat, initial encounter"
F1398,10,"Sedative, hypnotic or anxiolytic use, unspecified with other sedative, hypnotic or anxiolytic-induced disorders"
S42134S,10,"Nondisplaced fracture of coracoid process, right shoulder, sequela"
S42019S,10,"Nondisplaced fracture of sternal end of unspecified clavicle, sequela"
V8539,9,"Body Mass Index 39.0-39.9, adult"
S52133,10,Displaced fracture of neck of unspecified radius
C32,10,Malignant neoplasm of larynx
S42292K,10,"Other displaced fracture of upper end of left humerus, subsequent encounter for fracture with nonunion"
O6014X0,10,"Preterm labor third trimester with preterm delivery third trimester, not applicable or unspecified"
S336XXA,10,"Sprain of sacroiliac joint, initial encounter"
H05413,10,"Enophthalmos due to atrophy of orbital tissue, bilateral"
O4192X0,10,"Disorder of amniotic fluid and membranes, unspecified, second trimester, not applicable or unspecified"
V0192,10,"Pedestrian on skateboard injured in collision with pedal cycle, unspecified whether traffic or nontraffic accident"
T493X1S,10,"Poisoning by emollients, demulcents and protectants, accidental (unintentional), sequela"
D212,10,"Benign neoplasm of connective and other soft tissue of lower limb, including hip"
T481X,10,"Poisoning by, adverse effect of and underdosing of skeletal muscle relaxants [neuromuscular blocking agents]"
H4020X4,10,"Unspecified primary angle-closure glaucoma, indeterminate stage"
R000,10,"Tachycardia, unspecified"
I498,10,Other specified cardiac arrhythmias
E8792,9,"Radiological procedure and radiotherapy as the cause of abnormal reaction of patient, or of later complication, without mention of misadventure at time of procedure"
S43313,10,Subluxation of unspecified scapula
S02631A,10,"Fracture of coronoid process of right mandible, initial encounter for closed fracture"
T17590A,10,"Other foreign object in bronchus causing asphyxiation, initial encounter"
N871,10,Moderate cervical dysplasia
S62102,10,"Fracture of unspecified carpal bone, left wrist"
K8580,10,Other acute pancreatitis without necrosis or infection
S48012D,10,"Complete traumatic amputation at left shoulder joint, subsequent encounter"
T7849,10,Other allergy
Y38893A,10,"Terrorism involving other means, terrorist injured, initial encounter"
S010,10,Open wound of scalp
M4781,10,Spondylosis without myelopathy or radiculopathy
S27329,10,"Contusion of lung, unspecified"
S59232D,10,"Salter-Harris Type III physeal fracture of lower end of radius, left arm, subsequent encounter for fracture with routine healing"
T398X3S,10,"Poisoning by other nonopioid analgesics and antipyretics, not elsewhere classified, assault, sequela"
S99102P,10,"Unspecified physeal fracture of left metatarsal, subsequent encounter for fracture with malunion"
T63633A,10,"Toxic effect of contact with sea anemone, assault, initial encounter"
V6969XS,10,"Unspecified occupant of heavy transport vehicle injured in collision with other motor vehicles in traffic accident, sequela"
T24391A,10,"Burn of third degree of multiple sites of right lower limb, except ankle and foot, initial encounter"
S32519,10,Fracture of superior rim of unspecified pubis
M80072G,10,"Age-related osteoporosis with current pathological fracture, left ankle and foot, subsequent encounter for fracture with delayed healing"
T22421A,10,"Corrosion of unspecified degree of right elbow, initial encounter"
S5101,10,Laceration without foreign body of elbow
S72065J,10,"Nondisplaced articular fracture of head of left femur, subsequent encounter for open fracture type IIIA, IIIB, or IIIC with delayed healing"
H15041,10,"Scleritis with corneal involvement, right eye"
R250,10,Abnormal head movements
T43602,10,"Poisoning by unspecified psychostimulants, intentional self-harm"
T2076,10,Corrosion of third degree of forehead and cheek
Z800,10,Family history of malignant neoplasm of digestive organs
T50A11D,10,"Poisoning by pertussis vaccine, including combinations with a pertussis component, accidental (unintentional), subsequent encounter"
4749,9,Unspecified chronic disease of tonsils and adenoids
S6580,10,Unspecified injury of other blood vessels at wrist and hand level
5968,9,Other specified disorders of bladder
O993,10,"Mental disorders and diseases of the nervous system complicating pregnancy, childbirth and the puerperium"
S62022P,10,"Displaced fracture of middle third of navicular [scaphoid] bone of left wrist, subsequent encounter for fracture with malunion"
O894,10,Spinal and epidural anesthesia-induced headache during the puerperium
Y36490A,10,"War operations involving other forms of conventional warfare, military personnel, initial encounter"
V404XXA,10,"Person boarding or alighting a car injured in collision with pedestrian or animal, initial encounter"
S66919D,10,"Strain of unspecified muscle, fascia and tendon at wrist and hand level, unspecified hand, subsequent encounter"
T24602S,10,"Corrosion of second degree of unspecified site of left lower limb, except ankle and foot, sequela"
L74,10,Eccrine sweat disorders
T40905,10,Adverse effect of unspecified psychodysleptics [hallucinogens]
M89549,10,"Osteolysis, unspecified hand"
S42216S,10,"Unspecified nondisplaced fracture of surgical neck of unspecified humerus, sequela"
T24392D,10,"Burn of third degree of multiple sites of left lower limb, except ankle and foot, subsequent encounter"
9493,9,Full-thickness skin loss [third degree nos]
S31511S,10,"Laceration without foreign body of unspecified external genital organs, male, sequela"
M84351A,10,"Stress fracture, right femur, initial encounter for fracture"
S92323D,10,"Displaced fracture of second metatarsal bone, unspecified foot, subsequent encounter for fracture with routine healing"
Y37420S,10,"Military operations involving firearms pellets, military personnel, sequela"
S52371D,10,"Galeazzi's fracture of right radius, subsequent encounter for closed fracture with routine healing"
S73001S,10,"Unspecified subluxation of right hip, sequela"
90226,9,Injury to primary branches of superior mesenteric artery
T433X4S,10,"Poisoning by phenothiazine antipsychotics and neuroleptics, undetermined, sequela"
Y35303D,10,"Legal intervention involving unspecified blunt objects, suspect injured, subsequent encounter"
S62034S,10,"Nondisplaced fracture of proximal third of navicular [scaphoid] bone of right wrist, sequela"
T23349,10,"Burn of third degree of unspecified multiple fingers (nail), including thumb"
S62600D,10,"Fracture of unspecified phalanx of right index finger, subsequent encounter for fracture with routine healing"
Y387X2D,10,"Terrorism involving chemical weapons, civilian injured, subsequent encounter"
G71033,10,Limb girdle muscular dystrophy due to dysferlin dysfunction
S02612A,10,"Fracture of condylar process of left mandible, initial encounter for closed fracture"
V1007,9,Personal history of malignant neoplasm of liver
O2359,10,Infection of other part of genital tract in pregnancy
V9621XS,10,"Glider (nonpowered) crash injuring occupant, sequela"
H628X9,10,"Other disorders of external ear in diseases classified elsewhere, unspecified ear"
S20412,10,Abrasion of left back wall of thorax
S66597D,10,"Other injury of intrinsic muscle, fascia and tendon of left little finger at wrist and hand level, subsequent encounter"
S80859,10,"Superficial foreign body, unspecified lower leg"
S63401,10,Traumatic rupture of unspecified ligament of left index finger at metacarpophalangeal and interphalangeal joint
E9920,9,Injury due to torpedo
T22411S,10,"Corrosion of unspecified degree of right forearm, sequela"
I83204,10,Varicose veins of unspecified lower extremity with both ulcer of heel and midfoot and inflammation
T85638D,10,"Leakage of other specified internal prosthetic devices, implants and grafts, subsequent encounter"
B9733,10,"Human T-cell lymphotrophic virus, type I [HTLV-I] as the cause of diseases classified elsewhere"
T20211D,10,"Burn of second degree of right ear [any part, except ear drum], subsequent encounter"
F308,10,Other manic episodes
0778,9,Other viral conjunctivitis
T542X4A,10,"Toxic effect of corrosive acids and acid-like substances, undetermined, initial encounter"
S32399A,10,"Other fracture of unspecified ilium, initial encounter for closed fracture"
S52236,10,Nondisplaced oblique fracture of shaft of unspecified ulna
S99101K,10,"Unspecified physeal fracture of right metatarsal, subsequent encounter for fracture with nonunion"
S82153F,10,"Displaced fracture of unspecified tibial tuberosity, subsequent encounter for open fracture type IIIA, IIIB, or IIIC with routine healing"
Y36441D,10,"War operations involving unarmed hand to hand combat, civilian, subsequent encounter"
53271,9,"Chronic duodenal ulcer without mention of hemorrhage or perforation, with obstruction"
09381,9,Syphilitic pericarditis
F64,10,Gender identity disorders
I443,10,Other and unspecified atrioventricular block
S0689AA,10,"Other specified intracranial injury with loss of consciousness status unknown, initial encounter"
S60862S,10,"Insect bite (nonvenomous) of left wrist, sequela"
C835,10,Lymphoblastic (diffuse) lymphoma
Z3A24,10,24 weeks gestation of pregnancy
M47897,10,"Other spondylosis, lumbosacral region"
M4314,10,"Spondylolisthesis, thoracic region"
38482,9,Atrophic nonflaccid tympanic membrane
T17228,10,Food in pharynx causing other injury
P285,10,Respiratory failure of newborn
S82246K,10,"Nondisplaced spiral fracture of shaft of unspecified tibia, subsequent encounter for closed fracture with nonunion"
D021,10,Carcinoma in situ of trachea
S82831F,10,"Other fracture of upper and lower end of right fibula, subsequent encounter for open fracture type IIIA, IIIB, or IIIC with routine healing"
S73011S,10,"Posterior subluxation of right hip, sequela"
T1490,10,"Injury, unspecified"
E8418,9,"Accident to powered aircraft, other and unspecified, injuring ground crew, airline employee"
Y25XXXD,10,"Contact with explosive material, undetermined intent, subsequent encounter"
X05XXXD,10,"Exposure to ignition or melting of nightwear, subsequent encounter"
S61314S,10,"Laceration without foreign body of right ring finger with damage to nail, sequela"
S35401,10,Unspecified injury of right renal artery
R293,10,Abnormal posture
H0441,10,Chronic dacryocystitis
20216,9,"Mycosis fungoides, intrapelvic lymph nodes"
S95911D,10,"Laceration of unspecified blood vessel at ankle and foot level, right leg, subsequent encounter"
S82899M,10,"Other fracture of unspecified lower leg, subsequent encounter for open fracture type I or II with nonunion"
V805,10,Animal-rider or occupant of animal-drawn vehicle injured in collision with other specified motor vehicle
N074,10,"Hereditary nephropathy, not elsewhere classified with diffuse endocapillary proliferative glomerulonephritis"
S20172D,10,"Other superficial bite of breast, left breast, subsequent encounter"
O253,10,Malnutrition in the puerperium
M6729,10,"Synovial hypertrophy, not elsewhere classified, multiple sites"
T22239,10,Burn of second degree of unspecified upper arm
M5409,10,"Panniculitis affecting regions, neck and back, multiple sites in spine"
T22541,10,Corrosion of first degree of right axilla
S3282XK,10,"Multiple fractures of pelvis without disruption of pelvic ring, subsequent encounter for fracture with nonunion"
64751,9,"Rubella in the mother, delivered, with or without mention of antepartum condition"
53311,9,"Acute peptic ulcer of unspecified site with perforation, with obstruction"
S66291,10,"Other specified injury of extensor muscle, fascia and tendon of right thumb at wrist and hand level"
M3322,10,Polymyositis with myopathy
S82399M,10,"Other fracture of lower end of unspecified tibia, subsequent encounter for open fracture type I or II with nonunion"
S42415A,10,"Nondisplaced simple supracondylar fracture without intercondylar fracture of left humerus, initial encounter for closed fracture"
T3141,10,Burns involving 40-49% of body surface with 10-19% third degree burns
S01411,10,Laceration without foreign body of right cheek and temporomandibular area
S60819,10,Abrasion of unspecified wrist
71917,9,"Hemarthrosis, ankle and foot"
A267,10,Erysipelothrix sepsis
S56109D,10,"Unspecified injury of flexor muscle, fascia and tendon of unspecified finger at forearm level, subsequent encounter"
S55112,10,"Laceration of radial artery at forearm level, left arm"
N16,10,Renal tubulo-interstitial disorders in diseases classified elsewhere
64922,9,"Bariatric surgery status complicating pregnancy, childbirth, or the puerperium, delivered, with mention of postpartum complication"
T85390A,10,"Other mechanical complication of prosthetic orbit of right eye, initial encounter"
S5002,10,Contusion of left elbow
S63229,10,Subluxation of unspecified interphalangeal joint of unspecified finger
Y35199,10,"Legal intervention involving other explosives, unspecified person injured"
T402X2D,10,"Poisoning by other opioids, intentional self-harm, subsequent encounter"
S52539E,10,"Colles' fracture of unspecified radius, subsequent encounter for open fracture type I or II with routine healing"
T592X4S,10,"Toxic effect of formaldehyde, undetermined, sequela"
7762,9,Disseminated intravascular coagulation in newborn
T620X3S,10,"Toxic effect of ingested mushrooms, assault, sequela"
85233,9,"Subdural hemorrhage following injury with open intracranial wound, with moderate [1-24 hours] loss of consciousness"
Y219XXA,10,"Unspecified drowning and submersion, undetermined intent, initial encounter"
O30822,10,"Other specified multiple gestation with two or more monoamniotic fetuses, second trimester"
S0282XK,10,"Fracture of other specified skull and facial bones, left side, subsequent encounter for fracture with nonunion"
M84331S,10,"Stress fracture, right ulna, sequela"
S60442S,10,"External constriction of right middle finger, sequela"
Y92481,10,Parking lot as the place of occurrence of the external cause
S52341G,10,"Displaced spiral fracture of shaft of radius, right arm, subsequent encounter for closed fracture with delayed healing"
T18128D,10,"Food in esophagus causing other injury, subsequent encounter"
T24002D,10,"Burn of unspecified degree of unspecified site of left lower limb, except ankle and foot, subsequent encounter"
T387X6S,10,"Underdosing of androgens and anabolic congeners, sequela"
S72354Q,10,"Nondisplaced comminuted fracture of shaft of right femur, subsequent encounter for open fracture type I or II with malunion"
W32,10,Accidental handgun discharge and malfunction
S32463,10,Displaced associated transverse-posterior fracture of unspecified acetabulum
5285,9,Diseases of lips
D46Z,10,Other myelodysplastic syndromes
X923XXD,10,"Assault by drowning and submersion in natural water, subsequent encounter"
M303,10,Mucocutaneous lymph node syndrome [Kawasaki]
T84191A,10,"Other mechanical complication of internal fixation device of left humerus, initial encounter"
S92504B,10,"Nondisplaced unspecified fracture of right lesser toe(s), initial encounter for open fracture"
V626XXA,10,"Passenger in heavy transport vehicle injured in collision with two- or three-wheeled motor vehicle in traffic accident, initial encounter"
S72065B,10,"Nondisplaced articular fracture of head of left femur, initial encounter for open fracture type I or II"
S72121D,10,"Displaced fracture of lesser trochanter of right femur, subsequent encounter for closed fracture with routine healing"
T85625A,10,"Displacement of other nervous system device, implant or graft, initial encounter"
T45521A,10,"Poisoning by antithrombotic drugs, accidental (unintentional), initial encounter"
S1111XS,10,"Laceration without foreign body of thyroid gland, sequela"
S6309,10,Other subluxation and dislocation of wrist and hand
S61039,10,Puncture wound without foreign body of unspecified thumb without damage to nail
09161,9,Secondary syphilitic periostitis
V8679XD,10,"Person on outside of other special all-terrain or other off-road motor vehicles injured in nontraffic accident, subsequent encounter"
S0211BA,10,"Type I occipital condyle fracture, left side, initial encounter for closed fracture"
S8480,10,Injury of other nerves at lower leg level
S60946,10,Unspecified superficial injury of right little finger
S32465K,10,"Nondisplaced associated transverse-posterior fracture of left acetabulum, subsequent encounter for fracture with nonunion"
7716,9,Neonatal conjunctivitis and dacryocystitis
S064XA,10,Epidural hemorrhage with loss of consciousness status unknown
M84322D,10,"Stress fracture, left humerus, subsequent encounter for fracture with routine healing"
S52026C,10,"Nondisplaced fracture of olecranon process without intraarticular extension of unspecified ulna, initial encounter for open fracture type IIIA, IIIB, or IIIC"
S35413D,10,"Laceration of unspecified renal artery, subsequent encounter"
V662,10,Person on outside of heavy transport vehicle injured in collision with other nonmotor vehicle in nontraffic accident
M6103,10,"Myositis ossificans traumatica, forearm"
S92341P,10,"Displaced fracture of fourth metatarsal bone, right foot, subsequent encounter for fracture with malunion"
Q7273,10,"Split foot, bilateral"
E1129,10,Type 2 diabetes mellitus with other diabetic kidney complication
S42474B,10,"Nondisplaced transcondylar fracture of right humerus, initial encounter for open fracture"
Q767,10,Congenital malformation of sternum
S52272A,10,"Monteggia's fracture of left ulna, initial encounter for closed fracture"
K5793,10,"Diverticulitis of intestine, part unspecified, without perforation or abscess with bleeding"
S52325C,10,"Nondisplaced transverse fracture of shaft of left radius, initial encounter for open fracture type IIIA, IIIB, or IIIC"
Y93D,10,Activities involving arts and handcrafts
S55919A,10,"Laceration of unspecified blood vessel at forearm level, unspecified arm, initial encounter"
X379XXD,10,"Unspecified cataclysmic storm, subsequent encounter"
M1000,10,"Idiopathic gout, unspecified site"
S36892S,10,"Contusion of other intra-abdominal organs, sequela"
S06303A,10,"Unspecified focal traumatic brain injury with loss of consciousness of 1 hour to 5 hours 59 minutes, initial encounter"
F3181,10,Bipolar II disorder
E67,10,Other hyperalimentation
V2119XD,10,"Other motorcycle passenger injured in collision with pedal cycle in nontraffic accident, subsequent encounter"
V709XXS,10,"Unspecified occupant of bus injured in collision with pedestrian or animal in traffic accident, sequela"
S72432B,10,"Displaced fracture of medial condyle of left femur, initial encounter for open fracture type I or II"
86222,9,Injury to esophagus without mention of open wound into cavity
37840,9,"Heterophoria, unspecified"
S42412S,10,"Displaced simple supracondylar fracture without intercondylar fracture of left humerus, sequela"
H35732,10,"Hemorrhagic detachment of retinal pigment epithelium, left eye"
S52309M,10,"Unspecified fracture of shaft of unspecified radius, subsequent encounter for open fracture type I or II with nonunion"
Y9364,10,"Activity, baseball"
T63432A,10,"Toxic effect of venom of caterpillars, intentional self-harm, initial encounter"
S92144D,10,"Nondisplaced dome fracture of right talus, subsequent encounter for fracture with routine healing"
V29888A,10,"Rider (driver) (passenger) of other motorcycle injured in other specified transport accidents, initial encounter"
S06369D,10,"Traumatic hemorrhage of cerebrum, unspecified, with loss of consciousness of unspecified duration, subsequent encounter"
99833,9,Disruption of traumatic injury wound repair
O99314,10,Alcohol use complicating childbirth
V030,10,"Pedestrian injured in collision with car, pick-up truck or van in nontraffic accident"
S82044K,10,"Nondisplaced comminuted fracture of right patella, subsequent encounter for closed fracture with nonunion"
S6232,10,Displaced fracture of shaft of other metacarpal bone
S62024G,10,"Nondisplaced fracture of middle third of navicular [scaphoid] bone of right wrist, subsequent encounter for fracture with delayed healing"
V1366,9,Personal history of (corrected) congenital malformations of respiratory system
S91242D,10,"Puncture wound with foreign body of left great toe with damage to nail, subsequent encounter"
S61359,10,Open bite of unspecified finger with damage to nail
S37812D,10,"Contusion of adrenal gland, subsequent encounter"
T23312S,10,"Burn of third degree of left thumb (nail), sequela"
I69334,10,Monoplegia of upper limb following cerebral infarction affecting left non-dominant side
O3131,10,"Continuing pregnancy after elective fetal reduction of one fetus or more, first trimester"
E8243,9,Other motor vehicle nontraffic accident while boarding and alighting injuring passenger on motorcycle
S06332S,10,"Contusion and laceration of cerebrum, unspecified, with loss of consciousness of 31 minutes to 59 minutes, sequela"
S82409E,10,"Unspecified fracture of shaft of unspecified fibula, subsequent encounter for open fracture type I or II with routine healing"
S32012S,10,"Unstable burst fracture of first lumbar vertebra, sequela"
S21359D,10,"Open bite of unspecified front wall of thorax with penetration into thoracic cavity, subsequent encounter"
M9689,10,Other intraoperative and postprocedural complications and disorders of the musculoskeletal system
T458X1A,10,"Poisoning by other primarily systemic and hematological agents, accidental (unintentional), initial encounter"
S42263P,10,"Displaced fracture of lesser tuberosity of unspecified humerus, subsequent encounter for fracture with malunion"
B028,10,Zoster with other complications
L931,10,Subacute cutaneous lupus erythematosus
W22041S,10,"Striking against wall of swimming pool causing drowning and submersion, sequela"
T496X5S,10,"Adverse effect of otorhinolaryngological drugs and preparations, sequela"
01395,9,"Unspecified tuberculosis of central nervous system, tubercle bacilli not found by bacteriological examination, but tuberculosis confirmed histologically"
L89612,10,"Pressure ulcer of right heel, stage 2"
S63697A,10,"Other sprain of left little finger, initial encounter"
S82202P,10,"Unspecified fracture of shaft of left tibia, subsequent encounter for closed fracture with malunion"
0792,9,Coxsackie virus infection in conditions classified elsewhere and of unspecified site
S62136P,10,"Nondisplaced fracture of capitate [os magnum] bone, unspecified wrist, subsequent encounter for fracture with malunion"
G7281,10,Critical illness myopathy
S6052,10,Blister (nonthermal) of hand
T2123,10,Burn of second degree of upper back
T84120,10,Displacement of internal fixation device of right humerus
S12290A,10,"Other displaced fracture of third cervical vertebra, initial encounter for closed fracture"
D68311,10,Acquired hemophilia
T410X2A,10,"Poisoning by inhaled anesthetics, intentional self-harm, initial encounter"
M92291,10,"Other juvenile osteochondrosis, right hand"
M11241,10,"Other chondrocalcinosis, right hand"
S82455G,10,"Nondisplaced comminuted fracture of shaft of left fibula, subsequent encounter for closed fracture with delayed healing"
W860XXA,10,"Exposure to domestic wiring and appliances, initial encounter"
S35328,10,Other specified injury of splenic vein
M21279,10,"Flexion deformity, unspecified ankle and toes"
F4520,10,"Hypochondriacal disorder, unspecified"
V172XXD,10,"Unspecified pedal cyclist injured in collision with fixed or stationary object in nontraffic accident, subsequent encounter"
S62101,10,"Fracture of unspecified carpal bone, right wrist"
30275,9,Premature ejaculation
V1920XD,10,"Unspecified pedal cyclist injured in collision with unspecified motor vehicles in nontraffic accident, subsequent encounter"
S81831,10,"Puncture wound without foreign body, right lower leg"
1830,9,Malignant neoplasm of ovary
94851,9,"Burn [any degree] involving 50-59 percent of body surface with third degree burn, 10-19%"
M80841G,10,"Other osteoporosis with current pathological fracture, right hand, subsequent encounter for fracture with delayed healing"
S50349S,10,"External constriction of unspecified elbow, sequela"
M068A,10,"Other specified rheumatoid arthritis, other specified site"
V429XXS,10,"Unspecified car occupant injured in collision with two- or three-wheeled motor vehicle in traffic accident, sequela"
S59122P,10,"Salter-Harris Type II physeal fracture of upper end of radius, left arm, subsequent encounter for fracture with malunion"
O318X13,10,"Other complications specific to multiple gestation, first trimester, fetus 3"
M41114,10,"Juvenile idiopathic scoliosis, thoracic region"
S346,10,"Injury of peripheral nerve(s) at abdomen, lower back and pelvis level"
S82462,10,Displaced segmental fracture of shaft of left fibula
74344,9,"Specified congenital anomalies of anterior chamber, chamber angle, and related structures"
